<?xml version='1.1' encoding='UTF-8'?>
<org.jvnet.hudson.plugins.thinbackup.backup.PluginList plugin="thinBackup@1.10">
  <plugins>
    <entry>
      <string>pipeline-milestone-step</string>
      <string>1.3.1</string>
    </entry>
    <entry>
      <string>backup</string>
      <string>1.6.1</string>
    </entry>
    <entry>
      <string>jdk-tool</string>
      <string>1.4</string>
    </entry>
    <entry>
      <string>snakeyaml-api</string>
      <string>1.27.0</string>
    </entry>
    <entry>
      <string>github-branch-source</string>
      <string>2.9.1</string>
    </entry>
    <entry>
      <string>pipeline-github-lib</string>
      <string>1.0</string>
    </entry>
    <entry>
      <string>trilead-api</string>
      <string>1.0.12</string>
    </entry>
    <entry>
      <string>workflow-multibranch</string>
      <string>2.22</string>
    </entry>
    <entry>
      <string>handlebars</string>
      <string>1.1.1</string>
    </entry>
    <entry>
      <string>pipeline-stage-tags-metadata</string>
      <string>1.7.2</string>
    </entry>
    <entry>
      <string>ldap</string>
      <string>2.0</string>
    </entry>
    <entry>
      <string>plugin-util-api</string>
      <string>1.4.0</string>
    </entry>
    <entry>
      <string>git-client</string>
      <string>3.5.1</string>
    </entry>
    <entry>
      <string>scm-api</string>
      <string>2.6.4</string>
    </entry>
    <entry>
      <string>pipeline-stage-step</string>
      <string>2.5</string>
    </entry>
    <entry>
      <string>font-awesome-api</string>
      <string>5.15.1-1</string>
    </entry>
    <entry>
      <string>bootstrap4-api</string>
      <string>4.5.3-1</string>
    </entry>
    <entry>
      <string>pipeline-model-extensions</string>
      <string>1.7.2</string>
    </entry>
    <entry>
      <string>email-ext</string>
      <string>2.79</string>
    </entry>
    <entry>
      <string>github</string>
      <string>1.32.0</string>
    </entry>
    <entry>
      <string>build-timeout</string>
      <string>1.20</string>
    </entry>
    <entry>
      <string>windows-slaves</string>
      <string>1.7</string>
    </entry>
    <entry>
      <string>workflow-cps-global-lib</string>
      <string>2.17</string>
    </entry>
    <entry>
      <string>workflow-support</string>
      <string>3.6</string>
    </entry>
    <entry>
      <string>checks-api</string>
      <string>1.1.1</string>
    </entry>
    <entry>
      <string>mailer</string>
      <string>1.32.1</string>
    </entry>
    <entry>
      <string>antisamy-markup-formatter</string>
      <string>2.1</string>
    </entry>
    <entry>
      <string>jackson2-api</string>
      <string>2.11.3</string>
    </entry>
    <entry>
      <string>pipeline-rest-api</string>
      <string>2.18</string>
    </entry>
    <entry>
      <string>workflow-scm-step</string>
      <string>2.11</string>
    </entry>
    <entry>
      <string>ws-cleanup</string>
      <string>0.38</string>
    </entry>
    <entry>
      <string>pipeline-model-api</string>
      <string>1.7.2</string>
    </entry>
    <entry>
      <string>token-macro</string>
      <string>2.12</string>
    </entry>
    <entry>
      <string>popper-api</string>
      <string>1.16.0-7</string>
    </entry>
    <entry>
      <string>pipeline-input-step</string>
      <string>2.12</string>
    </entry>
    <entry>
      <string>lockable-resources</string>
      <string>2.10</string>
    </entry>
    <entry>
      <string>thinBackup</string>
      <string>1.10</string>
    </entry>
    <entry>
      <string>jquery3-api</string>
      <string>3.5.1-2</string>
    </entry>
    <entry>
      <string>momentjs</string>
      <string>1.1.1</string>
    </entry>
    <entry>
      <string>git-server</string>
      <string>1.9</string>
    </entry>
    <entry>
      <string>okhttp-api</string>
      <string>3.14.9</string>
    </entry>
    <entry>
      <string>credentials-binding</string>
      <string>1.24</string>
    </entry>
    <entry>
      <string>localization-zh-cn</string>
      <string>1.0.24</string>
    </entry>
    <entry>
      <string>workflow-aggregator</string>
      <string>2.6</string>
    </entry>
    <entry>
      <string>pipeline-stage-view</string>
      <string>2.18</string>
    </entry>
    <entry>
      <string>pipeline-build-step</string>
      <string>2.13</string>
    </entry>
    <entry>
      <string>credentials</string>
      <string>2.3.14</string>
    </entry>
    <entry>
      <string>pipeline-model-definition</string>
      <string>1.7.2</string>
    </entry>
    <entry>
      <string>workflow-step-api</string>
      <string>2.23</string>
    </entry>
    <entry>
      <string>plain-credentials</string>
      <string>1.7</string>
    </entry>
    <entry>
      <string>command-launcher</string>
      <string>1.5</string>
    </entry>
    <entry>
      <string>matrix-project</string>
      <string>1.18</string>
    </entry>
    <entry>
      <string>resource-disposer</string>
      <string>0.14</string>
    </entry>
    <entry>
      <string>bouncycastle-api</string>
      <string>2.18</string>
    </entry>
    <entry>
      <string>ace-editor</string>
      <string>1.1</string>
    </entry>
    <entry>
      <string>jquery-detached</string>
      <string>1.2.1</string>
    </entry>
    <entry>
      <string>pam-auth</string>
      <string>1.6</string>
    </entry>
    <entry>
      <string>javadoc</string>
      <string>1.6</string>
    </entry>
    <entry>
      <string>git</string>
      <string>4.4.5</string>
    </entry>
    <entry>
      <string>workflow-durable-task-step</string>
      <string>2.37</string>
    </entry>
    <entry>
      <string>ssh-credentials</string>
      <string>1.18.1</string>
    </entry>
    <entry>
      <string>cloudbees-folder</string>
      <string>6.15</string>
    </entry>
    <entry>
      <string>durable-task</string>
      <string>1.35</string>
    </entry>
    <entry>
      <string>workflow-job</string>
      <string>2.40</string>
    </entry>
    <entry>
      <string>workflow-basic-steps</string>
      <string>2.23</string>
    </entry>
    <entry>
      <string>jsch</string>
      <string>0.1.55.2</string>
    </entry>
    <entry>
      <string>timestamper</string>
      <string>1.11.8</string>
    </entry>
    <entry>
      <string>github-api</string>
      <string>1.116</string>
    </entry>
    <entry>
      <string>pipeline-graph-analysis</string>
      <string>1.10</string>
    </entry>
    <entry>
      <string>junit</string>
      <string>1.44</string>
    </entry>
    <entry>
      <string>echarts-api</string>
      <string>4.9.0-2</string>
    </entry>
    <entry>
      <string>structs</string>
      <string>1.20</string>
    </entry>
    <entry>
      <string>apache-httpcomponents-client-4-api</string>
      <string>4.5.10-2.0</string>
    </entry>
    <entry>
      <string>ant</string>
      <string>1.11</string>
    </entry>
    <entry>
      <string>workflow-cps</string>
      <string>2.86</string>
    </entry>
    <entry>
      <string>ssh-slaves</string>
      <string>1.31.2</string>
    </entry>
    <entry>
      <string>matrix-auth</string>
      <string>2.6.4</string>
    </entry>
    <entry>
      <string>gradle</string>
      <string>1.36</string>
    </entry>
    <entry>
      <string>display-url-api</string>
      <string>2.3.4</string>
    </entry>
    <entry>
      <string>script-security</string>
      <string>1.75</string>
    </entry>
    <entry>
      <string>external-monitor-job</string>
      <string>1.7</string>
    </entry>
    <entry>
      <string>branch-api</string>
      <string>2.6.3</string>
    </entry>
    <entry>
      <string>localization-support</string>
      <string>1.1</string>
    </entry>
    <entry>
      <string>Hudson core</string>
      <string>2.267</string>
    </entry>
    <entry>
      <string>workflow-api</string>
      <string>2.40</string>
    </entry>
  </plugins>
  <pluginsXml>/jenkins/FULL-2020-11-22_10-19/installedPlugins.xml</pluginsXml>
</org.jvnet.hudson.plugins.thinbackup.backup.PluginList>